<?xml version="1.0" encoding="utf-8"?>
<edmx:Edmx Version="3.0" xmlns:edmx="http://schemas.microsoft.com/ado/2009/11/edmx">
 <!-- EF Designer content (DO NOT EDIT MANUALLY BELOW HERE) -->
  <edmx:Designer xmlns="http://schemas.microsoft.com/ado/2009/11/edmx">
    <!-- Diagram content (shape and connector positions) -->
    <edmx:Diagrams>
      <Diagram DiagramId="c2847b44098d48d0a060e91d1bc705c3" Name="Diagram1">
        <EntityTypeShape EntityType="caseModel.raspisanie" Width="1.5" PointX="0.75" PointY="0.75" IsExpanded="true" />
        <EntityTypeShape EntityType="caseModel.sysdiagrams" Width="1.5" PointX="2.75" PointY="0.75" IsExpanded="true" />
        <EntityTypeShape EntityType="caseModel.teacher" Width="1.5" PointX="0.75" PointY="3.75" IsExpanded="true" />
      </Diagram>
    </edmx:Diagrams>
  </edmx:Designer>
</edmx:Edmx>